-- -- initialize HOUR Table
INSERT INTO HOUR(HOUR_CODE, START_HOUR, END_HOUR) VALUES('1A', '09:00:00', '09:30:00');
INSERT INTO HOUR(HOUR_CODE, START_HOUR, END_HOUR) VALUES('1B', '09:30:00', '10:00:00');
INSERT INTO HOUR(HOUR_CODE, START_HOUR, END_HOUR) VALUES('2A', '10:00:00', '10:30:00');
INSERT INTO HOUR(HOUR_CODE, START_HOUR, END_HOUR) VALUES('2B', '10:30:00', '11:00:00');
INSERT INTO HOUR(HOUR_CODE, START_HOUR, END_HOUR) VALUES('3A', '11:00:00', '11:30:00');
INSERT INTO HOUR(HOUR_CODE, START_HOUR, END_HOUR) VALUES('3B', '11:30:00', '12:00:00');
INSERT INTO HOUR(HOUR_CODE, START_HOUR, END_HOUR) VALUES('4A', '12:00:00', '12:30:00');
INSERT INTO HOUR(HOUR_CODE, START_HOUR, END_HOUR) VALUES('4B', '12:30:00', '13:00:00');
INSERT INTO HOUR(HOUR_CODE, START_HOUR, END_HOUR) VALUES('5A', '13:00:00', '13:30:00');
INSERT INTO HOUR(HOUR_CODE, START_HOUR, END_HOUR) VALUES('5B', '13:30:00', '14:00:00');
INSERT INTO HOUR(HOUR_CODE, START_HOUR, END_HOUR) VALUES('6A', '14:00:00', '14:30:00');
INSERT INTO HOUR(HOUR_CODE, START_HOUR, END_HOUR) VALUES('6B', '14:30:00', '15:00:00');
INSERT INTO HOUR(HOUR_CODE, START_HOUR, END_HOUR) VALUES('7A', '15:00:00', '15:30:00');
INSERT INTO HOUR(HOUR_CODE, START_HOUR, END_HOUR) VALUES('7B', '15:30:00', '16:00:00');
INSERT INTO HOUR(HOUR_CODE, START_HOUR, END_HOUR) VALUES('8A', '16:00:00', '16:30:00');
INSERT INTO HOUR(HOUR_CODE, START_HOUR, END_HOUR) VALUES('8B', '16:30:00', '17:00:00');
INSERT INTO HOUR(HOUR_CODE, START_HOUR, END_HOUR) VALUES('9A', '17:00:00', '17:30:00');
INSERT INTO HOUR(HOUR_CODE, START_HOUR, END_HOUR) VALUES('9B', '17:30:00', '18:00:00');
INSERT INTO HOUR(HOUR_CODE, START_HOUR, END_HOUR) VALUES('10A', '18:00:00', '18:30:00');
INSERT INTO HOUR(HOUR_CODE, START_HOUR, END_HOUR) VALUES('10B', '18:30:00', '19:00:00');
INSERT INTO HOUR(HOUR_CODE, START_HOUR, END_HOUR) VALUES('11A', '19:00:00', '19:30:00');
INSERT INTO HOUR(HOUR_CODE, START_HOUR, END_HOUR) VALUES('11B', '19:30:00', '20:00:00');
INSERT INTO HOUR(HOUR_CODE, START_HOUR, END_HOUR) VALUES('12A', '20:00:00', '20:30:00');
INSERT INTO HOUR(HOUR_CODE, START_HOUR, END_HOUR) VALUES('12B', '20:30:00', '21:00:00');
INSERT INTO HOUR(HOUR_CODE, START_HOUR, END_HOUR) VALUES('13A', '21:00:00', '21:30:00');
INSERT INTO HOUR(HOUR_CODE, START_HOUR, END_HOUR) VALUES('13B', '21:30:00', '22:00:00');
INSERT INTO HOUR(HOUR_CODE, START_HOUR, END_HOUR) VALUES('14A', '22:00:00', '22:30:00');

-- -- INSERT USER DATA
INSERT INTO USER(NO, ID, NAME, PASSWORD, STUDENT_NO) VALUES(1, 'test', '한희망', 'test', '2015118596');
INSERT INTO USER(NO, ID, NAME, PASSWORD, STUDENT_NO) VALUES(2, 'test2', '주준영', 'test', '2015118572');
INSERT INTO USER(NO, ID, NAME, PASSWORD, STUDENT_NO) VALUES(3, 'test4', '정윤석', 'test', '2015118586');
INSERT INTO USER(NO, ID, NAME, PASSWORD, STUDENT_NO) VALUES(4, 'test3', '신은정', 'test', '2015118658');
INSERT INTO USER(NO, ID, NAME, PASSWORD, STUDENT_NO) VALUES(5, 'test5', '한희망', 'test', '2013118123');

-- -- INSERT TIMETABLE DATA
INSERT INTO TIMETABLE(NO, NAME, USER_NO) VALUES(1, '1학기', 1);
INSERT INTO TIMETABLE(NO, NAME, USER_NO) VALUES(2, 'test', 2);

-- -- INSERT TEAM_PROJECT
INSERT INTO TEAM_PROJECT(NO, NAME, OWNER_NO) VALUES(1, '종합설계프로젝트1', 1);

-- -- INSERT TEAM_USER
INSERT INTO TEAM_PROJECT_USER(TEAM_PROJECT_NO, USER_NO) VALUES(1, 1);
INSERT INTO TEAM_PROJECT_USER(TEAM_PROJECT_NO, USER_NO) VALUES(1, 2);

-- -- INSERT SCHEDULE DATA
INSERT INTO SCHEDULE(NO, DAY, NAME) VALUES(1, 'MON', '웹 및 서버 프로그래밍');
INSERT INTO SCHEDULE(NO, DAY, NAME) VALUES(2, 'MON', '데이터과학기초');
INSERT INTO SCHEDULE(NO, DAY, NAME) VALUES(3, 'TUE', '소프트웨어와문제해결');
INSERT INTO SCHEDULE(NO, DAY, NAME) VALUES(4, 'TUE', '종합설계프로젝트');
INSERT INTO SCHEDULE(NO, DAY, NAME) VALUES(5, 'WED', '오토마타및형식언어');
INSERT INTO SCHEDULE(NO, DAY, NAME) VALUES(6, 'WED', '데이터과학기초');
INSERT INTO SCHEDULE(NO, DAY, NAME) VALUES(7, 'THU', '정보검색');
INSERT INTO SCHEDULE(NO, DAY, NAME) VALUES(8, 'FRI', '오토마타및형식언어');
INSERT INTO SCHEDULE(NO, DAY, NAME) VALUES(9, 'FRI', '컴퓨터망');

INSERT INTO SCHEDULE(NO, DAY, NAME) VALUES(10, 'MON', '데이터과학기초');
INSERT INTO SCHEDULE(NO, DAY, NAME) VALUES(11, 'MON', '문화기술개론');
INSERT INTO SCHEDULE(NO, DAY, NAME) VALUES(12, 'TUE', '종합설계프로젝트');
INSERT INTO SCHEDULE(NO, DAY, NAME) VALUES(13, 'TUE', '공학수학1');
INSERT INTO SCHEDULE(NO, DAY, NAME) VALUES(14, 'WED', '오토마타및형식언어');
INSERT INTO SCHEDULE(NO, DAY, NAME) VALUES(15, 'WED', '데이터과학기초');
INSERT INTO SCHEDULE(NO, DAY, NAME) VALUES(16, 'WED', '문화기술개론');
INSERT INTO SCHEDULE(NO, DAY, NAME) VALUES(17, 'THU', '공학수학1');
INSERT INTO SCHEDULE(NO, DAY, NAME) VALUES(18, 'FRI', '오토마타및형식언어');
INSERT INTO SCHEDULE(NO, DAY, NAME) VALUES(19, 'FRI', '컴퓨터망');

INSERT INTO SCHEDULE(NO, DAY, NAME) VALUES(20, 'FRI', '종프 사전모임');
INSERT INTO SCHEDULE(NO, DAY, NAME) VALUES(21, 'SAT', '팀 회의');
INSERT INTO SCHEDULE(NO, DAY, NAME) VALUES(22, 'SAT', '팀 회의');

-- -- INSERT SCHEDULE_HOUR DATA
INSERT INTO SCHEDULE_HOUR(SCHEDULE_NO, HOUR_CODE) VALUES(1, '1A');
INSERT INTO SCHEDULE_HOUR(SCHEDULE_NO, HOUR_CODE) VALUES(1, '1B');
INSERT INTO SCHEDULE_HOUR(SCHEDULE_NO, HOUR_CODE) VALUES(1, '2A');
INSERT INTO SCHEDULE_HOUR(SCHEDULE_NO, HOUR_CODE) VALUES(1, '2B');
INSERT INTO SCHEDULE_HOUR(SCHEDULE_NO, HOUR_CODE) VALUES(1, '3A');
INSERT INTO SCHEDULE_HOUR(SCHEDULE_NO, HOUR_CODE) VALUES(1, '3B');
INSERT INTO SCHEDULE_HOUR(SCHEDULE_NO, HOUR_CODE) VALUES(1, '4A');
INSERT INTO SCHEDULE_HOUR(SCHEDULE_NO, HOUR_CODE) VALUES(1, '4B');
INSERT INTO SCHEDULE_HOUR(SCHEDULE_NO, HOUR_CODE) VALUES(2, '5B');
INSERT INTO SCHEDULE_HOUR(SCHEDULE_NO, HOUR_CODE) VALUES(2, '6A');
INSERT INTO SCHEDULE_HOUR(SCHEDULE_NO, HOUR_CODE) VALUES(2, '6B');
INSERT INTO SCHEDULE_HOUR(SCHEDULE_NO, HOUR_CODE) VALUES(3, '6A');
INSERT INTO SCHEDULE_HOUR(SCHEDULE_NO, HOUR_CODE) VALUES(3, '6B');
INSERT INTO SCHEDULE_HOUR(SCHEDULE_NO, HOUR_CODE) VALUES(3, '7A');
INSERT INTO SCHEDULE_HOUR(SCHEDULE_NO, HOUR_CODE) VALUES(3, '7B');
INSERT INTO SCHEDULE_HOUR(SCHEDULE_NO, HOUR_CODE) VALUES(3, '8A');
INSERT INTO SCHEDULE_HOUR(SCHEDULE_NO, HOUR_CODE) VALUES(3, '8B');
INSERT INTO SCHEDULE_HOUR(SCHEDULE_NO, HOUR_CODE) VALUES(3, '9A');
INSERT INTO SCHEDULE_HOUR(SCHEDULE_NO, HOUR_CODE) VALUES(3, '9B');
INSERT INTO SCHEDULE_HOUR(SCHEDULE_NO, HOUR_CODE) VALUES(4, '10A');
INSERT INTO SCHEDULE_HOUR(SCHEDULE_NO, HOUR_CODE) VALUES(4, '10B');
INSERT INTO SCHEDULE_HOUR(SCHEDULE_NO, HOUR_CODE) VALUES(4, '11A');
INSERT INTO SCHEDULE_HOUR(SCHEDULE_NO, HOUR_CODE) VALUES(4, '11B');
INSERT INTO SCHEDULE_HOUR(SCHEDULE_NO, HOUR_CODE) VALUES(4, '12A');
INSERT INTO SCHEDULE_HOUR(SCHEDULE_NO, HOUR_CODE) VALUES(4, '12B');
INSERT INTO SCHEDULE_HOUR(SCHEDULE_NO, HOUR_CODE) VALUES(4, '13A');
INSERT INTO SCHEDULE_HOUR(SCHEDULE_NO, HOUR_CODE) VALUES(4, '13B');
INSERT INTO SCHEDULE_HOUR(SCHEDULE_NO, HOUR_CODE) VALUES(5, '1A');
INSERT INTO SCHEDULE_HOUR(SCHEDULE_NO, HOUR_CODE) VALUES(5, '1B');
INSERT INTO SCHEDULE_HOUR(SCHEDULE_NO, HOUR_CODE) VALUES(5, '2A');
INSERT INTO SCHEDULE_HOUR(SCHEDULE_NO, HOUR_CODE) VALUES(6, '5B');
INSERT INTO SCHEDULE_HOUR(SCHEDULE_NO, HOUR_CODE) VALUES(6, '6A');
INSERT INTO SCHEDULE_HOUR(SCHEDULE_NO, HOUR_CODE) VALUES(6, '6B');
INSERT INTO SCHEDULE_HOUR(SCHEDULE_NO, HOUR_CODE) VALUES(7, '10A');
INSERT INTO SCHEDULE_HOUR(SCHEDULE_NO, HOUR_CODE) VALUES(7, '10B');
INSERT INTO SCHEDULE_HOUR(SCHEDULE_NO, HOUR_CODE) VALUES(7, '11A');
INSERT INTO SCHEDULE_HOUR(SCHEDULE_NO, HOUR_CODE) VALUES(7, '11B');
INSERT INTO SCHEDULE_HOUR(SCHEDULE_NO, HOUR_CODE) VALUES(7, '12A');
INSERT INTO SCHEDULE_HOUR(SCHEDULE_NO, HOUR_CODE) VALUES(7, '12B');
INSERT INTO SCHEDULE_HOUR(SCHEDULE_NO, HOUR_CODE) VALUES(8, '2B');
INSERT INTO SCHEDULE_HOUR(SCHEDULE_NO, HOUR_CODE) VALUES(8, '3A');
INSERT INTO SCHEDULE_HOUR(SCHEDULE_NO, HOUR_CODE) VALUES(8, '3B');
INSERT INTO SCHEDULE_HOUR(SCHEDULE_NO, HOUR_CODE) VALUES(9, '5B');
INSERT INTO SCHEDULE_HOUR(SCHEDULE_NO, HOUR_CODE) VALUES(9, '6A');
INSERT INTO SCHEDULE_HOUR(SCHEDULE_NO, HOUR_CODE) VALUES(9, '6B');
INSERT INTO SCHEDULE_HOUR(SCHEDULE_NO, HOUR_CODE) VALUES(9, '6A');
INSERT INTO SCHEDULE_HOUR(SCHEDULE_NO, HOUR_CODE) VALUES(9, '6B');
INSERT INTO SCHEDULE_HOUR(SCHEDULE_NO, HOUR_CODE) VALUES(9, '7A');
INSERT INTO SCHEDULE_HOUR(SCHEDULE_NO, HOUR_CODE) VALUES(9, '7B');
INSERT INTO SCHEDULE_HOUR(SCHEDULE_NO, HOUR_CODE) VALUES(9, '8A');

INSERT INTO SCHEDULE_HOUR(SCHEDULE_NO, HOUR_CODE) VALUES(10, '5B');
INSERT INTO SCHEDULE_HOUR(SCHEDULE_NO, HOUR_CODE) VALUES(10, '6A');
INSERT INTO SCHEDULE_HOUR(SCHEDULE_NO, HOUR_CODE) VALUES(10, '6B');
INSERT INTO SCHEDULE_HOUR(SCHEDULE_NO, HOUR_CODE) VALUES(11, '7A');
INSERT INTO SCHEDULE_HOUR(SCHEDULE_NO, HOUR_CODE) VALUES(11, '7B');
INSERT INTO SCHEDULE_HOUR(SCHEDULE_NO, HOUR_CODE) VALUES(11, '8A');
INSERT INTO SCHEDULE_HOUR(SCHEDULE_NO, HOUR_CODE) VALUES(12, '10A');
INSERT INTO SCHEDULE_HOUR(SCHEDULE_NO, HOUR_CODE) VALUES(12, '10B');
INSERT INTO SCHEDULE_HOUR(SCHEDULE_NO, HOUR_CODE) VALUES(12, '11A');
INSERT INTO SCHEDULE_HOUR(SCHEDULE_NO, HOUR_CODE) VALUES(12, '11B');
INSERT INTO SCHEDULE_HOUR(SCHEDULE_NO, HOUR_CODE) VALUES(12, '12A');
INSERT INTO SCHEDULE_HOUR(SCHEDULE_NO, HOUR_CODE) VALUES(12, '12B');
INSERT INTO SCHEDULE_HOUR(SCHEDULE_NO, HOUR_CODE) VALUES(12, '13A');
INSERT INTO SCHEDULE_HOUR(SCHEDULE_NO, HOUR_CODE) VALUES(12, '13B');
INSERT INTO SCHEDULE_HOUR(SCHEDULE_NO, HOUR_CODE) VALUES(13, '1A');
INSERT INTO SCHEDULE_HOUR(SCHEDULE_NO, HOUR_CODE) VALUES(13, '1B');
INSERT INTO SCHEDULE_HOUR(SCHEDULE_NO, HOUR_CODE) VALUES(13, '2A');
INSERT INTO SCHEDULE_HOUR(SCHEDULE_NO, HOUR_CODE) VALUES(14, '1A');
INSERT INTO SCHEDULE_HOUR(SCHEDULE_NO, HOUR_CODE) VALUES(14, '1B');
INSERT INTO SCHEDULE_HOUR(SCHEDULE_NO, HOUR_CODE) VALUES(14, '2A');
INSERT INTO SCHEDULE_HOUR(SCHEDULE_NO, HOUR_CODE) VALUES(15, '5B');
INSERT INTO SCHEDULE_HOUR(SCHEDULE_NO, HOUR_CODE) VALUES(15, '6A');
INSERT INTO SCHEDULE_HOUR(SCHEDULE_NO, HOUR_CODE) VALUES(15, '6B');
INSERT INTO SCHEDULE_HOUR(SCHEDULE_NO, HOUR_CODE) VALUES(16, '8B');
INSERT INTO SCHEDULE_HOUR(SCHEDULE_NO, HOUR_CODE) VALUES(16, '9A');
INSERT INTO SCHEDULE_HOUR(SCHEDULE_NO, HOUR_CODE) VALUES(16, '9B');
INSERT INTO SCHEDULE_HOUR(SCHEDULE_NO, HOUR_CODE) VALUES(17, '2B');
INSERT INTO SCHEDULE_HOUR(SCHEDULE_NO, HOUR_CODE) VALUES(17, '3A');
INSERT INTO SCHEDULE_HOUR(SCHEDULE_NO, HOUR_CODE) VALUES(17, '3B');
INSERT INTO SCHEDULE_HOUR(SCHEDULE_NO, HOUR_CODE) VALUES(18, '2B');
INSERT INTO SCHEDULE_HOUR(SCHEDULE_NO, HOUR_CODE) VALUES(18, '3A');
INSERT INTO SCHEDULE_HOUR(SCHEDULE_NO, HOUR_CODE) VALUES(18, '3B');
INSERT INTO SCHEDULE_HOUR(SCHEDULE_NO, HOUR_CODE) VALUES(19, '5B');
INSERT INTO SCHEDULE_HOUR(SCHEDULE_NO, HOUR_CODE) VALUES(19, '6A');
INSERT INTO SCHEDULE_HOUR(SCHEDULE_NO, HOUR_CODE) VALUES(19, '6B');
INSERT INTO SCHEDULE_HOUR(SCHEDULE_NO, HOUR_CODE) VALUES(19, '6A');
INSERT INTO SCHEDULE_HOUR(SCHEDULE_NO, HOUR_CODE) VALUES(19, '6B');
INSERT INTO SCHEDULE_HOUR(SCHEDULE_NO, HOUR_CODE) VALUES(19, '7A');
INSERT INTO SCHEDULE_HOUR(SCHEDULE_NO, HOUR_CODE) VALUES(19, '7B');
INSERT INTO SCHEDULE_HOUR(SCHEDULE_NO, HOUR_CODE) VALUES(19, '8A');

INSERT INTO SCHEDULE_HOUR(SCHEDULE_NO, HOUR_CODE) VALUES(20, '1A');
INSERT INTO SCHEDULE_HOUR(SCHEDULE_NO, HOUR_CODE) VALUES(20, '1B');
INSERT INTO SCHEDULE_HOUR(SCHEDULE_NO, HOUR_CODE) VALUES(20, '2A');

INSERT INTO SCHEDULE_HOUR(SCHEDULE_NO, HOUR_CODE) VALUES(21, '1A');
INSERT INTO SCHEDULE_HOUR(SCHEDULE_NO, HOUR_CODE) VALUES(21, '1B');
INSERT INTO SCHEDULE_HOUR(SCHEDULE_NO, HOUR_CODE) VALUES(21, '2A');

INSERT INTO SCHEDULE_HOUR(SCHEDULE_NO, HOUR_CODE) VALUES(22, '6A');
INSERT INTO SCHEDULE_HOUR(SCHEDULE_NO, HOUR_CODE) VALUES(22, '6B');
INSERT INTO SCHEDULE_HOUR(SCHEDULE_NO, HOUR_CODE) VALUES(22, '7A');

-- -- INSERT TIMETABLE_SCHEDULE DATA
INSERT INTO TIMETABLE_SCHEDULE(TIMETABLE_NO, SCHEDULES_NO) VALUES(1, 1);
INSERT INTO TIMETABLE_SCHEDULE(TIMETABLE_NO, SCHEDULES_NO) VALUES(1, 2);
INSERT INTO TIMETABLE_SCHEDULE(TIMETABLE_NO, SCHEDULES_NO) VALUES(1, 3);
INSERT INTO TIMETABLE_SCHEDULE(TIMETABLE_NO, SCHEDULES_NO) VALUES(1, 4);
INSERT INTO TIMETABLE_SCHEDULE(TIMETABLE_NO, SCHEDULES_NO) VALUES(1, 5);
INSERT INTO TIMETABLE_SCHEDULE(TIMETABLE_NO, SCHEDULES_NO) VALUES(1, 6);
INSERT INTO TIMETABLE_SCHEDULE(TIMETABLE_NO, SCHEDULES_NO) VALUES(1, 7);
INSERT INTO TIMETABLE_SCHEDULE(TIMETABLE_NO, SCHEDULES_NO) VALUES(1, 8);
INSERT INTO TIMETABLE_SCHEDULE(TIMETABLE_NO, SCHEDULES_NO) VALUES(1, 9);

INSERT INTO TIMETABLE_SCHEDULE(TIMETABLE_NO, SCHEDULES_NO) VALUES(2, 10);
INSERT INTO TIMETABLE_SCHEDULE(TIMETABLE_NO, SCHEDULES_NO) VALUES(2, 11);
INSERT INTO TIMETABLE_SCHEDULE(TIMETABLE_NO, SCHEDULES_NO) VALUES(2, 12);
INSERT INTO TIMETABLE_SCHEDULE(TIMETABLE_NO, SCHEDULES_NO) VALUES(2, 13);
INSERT INTO TIMETABLE_SCHEDULE(TIMETABLE_NO, SCHEDULES_NO) VALUES(2, 14);
INSERT INTO TIMETABLE_SCHEDULE(TIMETABLE_NO, SCHEDULES_NO) VALUES(2, 15);
INSERT INTO TIMETABLE_SCHEDULE(TIMETABLE_NO, SCHEDULES_NO) VALUES(2, 16);
INSERT INTO TIMETABLE_SCHEDULE(TIMETABLE_NO, SCHEDULES_NO) VALUES(2, 17);
INSERT INTO TIMETABLE_SCHEDULE(TIMETABLE_NO, SCHEDULES_NO) VALUES(2, 18);
INSERT INTO TIMETABLE_SCHEDULE(TIMETABLE_NO, SCHEDULES_NO) VALUES(2, 19);

-- -- INSERT USER_TIMETABLE DATA
INSERT INTO USER_TIMETABLE(USER_NO, TIMETABLES_NO) VALUES(1, 1);
INSERT INTO USER_TIMETABLE(USER_NO, TIMETABLES_NO) VALUES(2, 2);

-- -- UPDATE 대표 TIME_TABLE
UPDATE USER SET TIMETABLE_NO = 1 WHERE NO = 1;
UPDATE USER SET TIMETABLE_NO = 2 WHERE NO = 2;

-- LOCATION 추가
INSERT INTO LOCATION(ADDRESS, NAME) VALUES('대구광역시 북구 대학로 75', '스타벅스');
INSERT INTO LOCATION(ADDRESS, NAME) VALUES('대구광역시 북구 대현동 104-4', '카페 키아누');

-- TEAM SCHEDULE 추가
INSERT INTO TEAM_SCHEDULE(DATE, CONTENT, TITLE) VALUES('2018-06-01', '종프 사전모임', '사전모임 검사.');
INSERT INTO TEAM_SCHEDULE(DATE, CONTENT, TITLE) VALUES('2018-06-10', '종프 회의', '종프 회의를 위해 모임을 갖겠음.');
INSERT INTO TEAM_SCHEDULE(DATE, CONTENT, TITLE) VALUES('2018-06-10', '종프 회의2', '종프 회의를 위해 모임을 갖겠음.');

INSERT INTO TEAM_SCHEDULE_LOCATION(LOCATION_NO, NO) VALUES(1, 1);
INSERT INTO TEAM_SCHEDULE_LOCATION(LOCATION_NO, NO) VALUES(1, 2);
INSERT INTO TEAM_SCHEDULE_LOCATION(LOCATION_NO, NO) VALUES(2, 3);

INSERT INTO TEAM_TIMETABLE_SCHEDULE(TEAM_SCHEDULE_NO, SCHEDULES_NO) VALUES(1, 20);
INSERT INTO TEAM_TIMETABLE_SCHEDULE(TEAM_SCHEDULE_NO, SCHEDULES_NO) VALUES(2, 21);
INSERT INTO TEAM_TIMETABLE_SCHEDULE(TEAM_SCHEDULE_NO, SCHEDULES_NO) VALUES(3, 22);

INSERT INTO TEAM_PROJECT_TEAM_SCHEDULE(TEAM_PROJECT_NO, TEAM_SCHEDULE_NO) VALUES(1, 1);
INSERT INTO TEAM_PROJECT_TEAM_SCHEDULE(TEAM_PROJECT_NO, TEAM_SCHEDULE_NO) VALUES(1, 2);
INSERT INTO TEAM_PROJECT_TEAM_SCHEDULE(TEAM_PROJECT_NO, TEAM_SCHEDULE_NO) VALUES(1, 3);